trial_id,participant_id,round_number,practice_round,input_lag,time_for_round,noticed_lag,paddle_bounces,misses,avg_missed_by
3,0,1,1,0,30.01034,0,17,4,1.302723
3,0,2,1,0,30.00741,0,8,15,4.712968
3,0,3,1,75,30.02243,0,0,23,6.279121
3,0,1,1,0,30.007,0,11,9,2.629573
3,0,2,1,0,30.00423,0,0,16,4.804403
3,0,3,1,75,30.0083,0,1,18,4.347635
3,0,1,1,0,30.00895,0,18,2,0.9337211
3,0,2,0,0,30.00419,0,22,3,1.157925
3,0,3,0,75,30.00047,0,2,13,7.879447